No,word,ÆÄ»ý¾î,grade
1,a,(an),1
2,abandon,,3
3,able,(disabled),2
4,aboard,,3
5,abort,(abortion),3
6,abound,(abundant),3
7,about,,1
8,above,,1
9,abroad,,3
10,absent,,3
11,absolute,,2
12,absorb,,3
13,abstract,,3
14,absurd,,3
15,abuse,,3
16,academy,,3
17,accelerate,,3
18,accent,,2
19,accept,,2
20,access,,2
21,accident,,2
22,accommodate,,3
23,accompany,,3
24,accomplish,,3
25,accord,,3
26,account,,2
27,accumulate,,3
28,accurate,,3
29,accuse,,2
30,ache,(headache),3
31,achieve,,2
32,acid,,3
33,acknowledge,,3
34,acquire,,3
35,acquisition,,3
36,across,,1
37,act,"(actual, interact)",1
38,adapt,,2
39,add,,1
40,addict,,3
41,address,,1
42,adequate,,3
43,adjust,,3
44,administer,(administration),3
45,admire,,2
46,admit,(admission),2
47,adolescent,,3
48,adopt,,2
49,adult,,1
50,advance,,2
51,advantage,(disadvantage),2
52,adventure,,2
53,adverse,,3
54,advertize,/ advertise,2
55,advice,,2
56,advise,,2
57,advocate,,3
58,aesthetic,,3
59,affair,,2
60,affect,(affection),2
61,afford,,2
62,afraid,,1
63,after,,1
64,afternoon,,1
65,again,,1
66,against,,1
67,age,,1
68,agency,,3
69,agenda,,3
70,agent,,2
71,aggress,(aggressive),3
72,ago,,1
73,agree,(disagree),1
74,agriculture,,3
75,ahead,,1
76,aid,,2
77,aim,,2
78,air,,1
79,airline,,2
80,airplane,/ aeroplane,1
81,airport,,2
82,alarm,,2
83,album,,1
84,alcohol,,2
85,alert,,3
86,alien,,3
87,alike,,3
88,alive,,2
89,all,,1
90,allocate,,3
91,allow,,2
92,ally,,3
93,almost,,1
94,alone,,1
95,along,,1
96,alongside,,3
97,aloud,,2
98,already,,1
99,alright,,1
100,also,,1
101,alter,,2
102,alternate,(alternative),3
103,although,,2
104,altogether,,2
105,always,,1
106,amaze,,2
107,ambassador,,3
108,ambition,(ambitious),3
109,ambulance,,2
110,among,,2
111,amount,,2
112,amuse,,2
113,analysis,,2
114,analyze,/ analyse,3
115,anchor,,3
116,ancient,,3
117,and,,1
118,angel,,2
119,anger,,2
120,angle,,3
121,animal,,1
122,anniversary,,3
123,announce,,2
124,annoy,,2
125,annual,,2
126,another,,1
127,answer,,1
128,ant,,2
129,anticipate,,3
130,anxiety,,3
131,anxious,,2
132,any,,1
133,apart,,2
134,apartment,,1
135,apology,,3
136,apparent,,3
137,appeal,,2
138,appear,(disappear),2
139,apple,,1
140,apply,(applicant),2
141,appoint,,2
142,appreciate,,2
143,approach,,2
144,appropriate,,2
145,approve,,3
146,approximate,,3
147,architect,(architecture),3
148,area,,1
149,argue,,2
150,arise,,3
151,arm,,1
152,army,,2
153,around,,1
154,arrange,,2
155,arrest,,2
156,arrive,,1
157,arrow,,3
158,art,,1
159,article,,2
160,artifice,(artificial),3
161,as,,1
162,aside,,2
163,ask,,1
164,asleep,,2
165,aspect,,3
166,aspire,,3
167,assault,,3
168,assemble,,3
169,assert,,3
170,assess,,2
171,asset,,3
172,assign,(assignment),2
173,assist,(assistant),2
174,associate,,2
175,assume,,2
176,assure,,3
177,astonish,,3
178,at,,1
179,athlete,,3
180,atmosphere,,2
181,atom,,3
182,attach,,2
183,attack,,2
184,attempt,,2
185,attend,,2
186,attention,,2
187,attitude,,2
188,attract,,2
189,attribute,,3
190,auction,,3
191,audience,,2
192,aunt,,1
193,authentic,,3
194,author,,3
195,automatic,,2
196,autumn,,1
197,avail,(available),3
198,average,,2
199,avoid,,2
200,await,,3
201,awake,,2
202,award,,2
203,aware,(unaware),2
204,away,,1
205,awe,(awful),3
206,awkward,,2
207,baby,,1
208,back,,1
209,background,,2
210,bacon,,2
211,bad,,1
212,badminton,,1
213,bag,,1
214,bake,,1
215,balance,,2
216,ball,,1
217,balloon,,2
218,ban,,3
219,banana,,1
220,band,,2
221,bang,,2
222,bank,,1
223,bankrupt,,3
224,bar,,2
225,bare,,2
226,bargain,,3
227,bark,,2
228,barrier,,3
229,base,,1
230,baseball,,1
231,basis,,2
232,basket,,1
233,basketball,,1
234,bat,,1
235,bath,,1
236,battery,,2
237,battle,,2
238,bay,,2
239,be,,1
240,beach,,1
241,beam,,3
242,bean,,2
243,bear,,1
244,beard,,3
245,beast,,3
246,beat,,2
247,beauty,,1
248,because,,1
249,become,,1
250,bed,,1
251,bee,,1
252,beef,,1
253,beer,,2
254,before,,1
255,beg,,2
256,begin,,1
257,behalf,,3
258,behave,(behavior / behaviour),3
259,behind,,1
260,belief,,2
261,believe,,1
262,bell,,1
263,belong,,2
264,below,,1
265,belt,,1
266,bench,,2
267,bend,,2
268,beneath,,2
269,benefit,,2
270,beside,,1
271,bet,,2
272,betray,,3
273,between,,1
274,beyond,,2
275,bias,,3
276,big,,1
277,bike,,1
278,bill,,1
279,billion,,2
280,bin,,2
281,bind,,2
282,biography,,3
283,biology,,3
284,bird,,1
285,birth,,1
286,biscuit,,1
287,bit,,2
288,bite,,2
289,bitter,,2
290,black,,1
291,blame,,2
292,blank,,2
293,blanket,,2
294,blast,,3
295,blend,,3
296,bless,,2
297,blind,,2
298,blink,,3
299,block,,2
300,blonde,,2
301,blood,,1
302,bloom,,2
303,blossom,,3
304,blow,,2
305,blue,,1
306,board,,1
307,boat,,1
308,body,(embody),1
309,boil,,2
310,bold,,3
311,bomb,,2
312,bond,,2
313,bone,,1
314,book,,1
315,boom,,2
316,boost,,3
317,boot,,2
318,border,,3
319,bore,,2
320,borrow,,1
321,boss,,2
322,both,,1
323,bother,,2
324,bottle,,1
325,bottom,,1
326,bounce,,2
327,boundary,,3
328,bow,,2
329,bowl,,2
330,box,,1
331,boy,,1
332,brain,,2
333,brake,,2
334,branch,,2
335,brand,,2
336,brave,,1
337,bread,,1
338,break,,1
339,breakfast,,1
340,breast,,2
341,breath,,2
342,breathe,,2
343,breed,,3
344,breeze,,3
345,brick,,2
346,bridge,,1
347,brief,,2
348,bright,,1
349,brilliant,,2
350,bring,,1
351,broad,,2
352,broadcast,,3
353,brother,,1
354,brown,,1
355,brush,,1
356,brute,(brutal),3
357,bubble,,2
358,budget,,2
359,bug,,2
360,build,,1
361,bulk,,3
362,bull,,3
363,bully,,3
364,bump,,2
365,bunch,,2
366,bundle,,3
367,burden,,3
368,burn,,1
369,burst,,2
370,bury,,2
371,bus,,1
372,bush,,2
373,business,,1
374,busy,,1
375,but,,1
376,butcher,,3
377,butter,,1
378,button,,1
379,buy,,1
380,buzz,,3
381,by,,1
382,cable,,2
383,cage,,2
384,cake,,1
385,calculate,(calculator),2
386,calendar,,2
387,call,,1
388,calm,,2
389,camera,,1
390,camp,,1
391,campaign,,1
392,can,,1
393,cancel,,3
394,cancer,,3
395,candidate,,3
396,candy,,1
397,canvas,,3
398,cap,,1
399,capable,,2
400,cape,,2
401,capital,,2
402,captain,,2
403,capture,,3
404,car,,1
405,card,,1
406,care,,1
407,career,,2
408,carpet,,2
409,carrot,,1
410,carry,,1
411,cart,,2
412,carve,,3
413,case,(casual),1
414,cash,,1
415,cast,,2
416,castle,,2
417,cat,,1
418,catalogue,/ catalog,2
419,catch,,1
420,category,,2
421,cater,,3
422,cattle,,3
423,cause,(causal),2
424,caution,,3
425,cave,,3
426,cease,,3
427,ceiling,,2
428,celebrate,,3
429,celebrity,,3
430,cell,,2
431,censor,,3
432,center,,1
433,century,,2
434,certain,,1
435,certificate,,3
436,chain,,2
437,chair,,1
438,chairman,,2
439,challenge,,2
440,chamber,,3
441,champion,,2
442,chance,,1
443,change,,1
444,channel,,2
445,chaos,,3
446,character,,2
447,characteristic,,2
448,charge,(discharge),2
449,charity,,3
450,charm,,2
451,chart,,2
452,chase,,2
453,chat,,2
454,cheap,,1
455,check,/ cheque,1
456,cheek,,2
457,cheer,,2
458,cheese,,1
459,chef,,3
460,chemical,,3
461,chest,,2
462,chew,,2
463,chicken,,1
464,chief,,2
465,child,,1
466,chill,,3
467,chin,,3
468,chip,,2
469,chocolate,,1
470,choice,,2
471,choir,,3
472,choose,,1
473,chop,,2
474,chorus,,3
475,chronic,,3
476,church,,1
477,cigarette,,2
478,cinema,,2
479,circle,,1
480,circulate,,3
481,circumstance,,2
482,cite,,3
483,citizen,,2
484,city,,1
485,civil,,2
486,claim,,2
487,clap,,3
488,clash,,3
489,class,"(classic, classify)",1
490,clause,,3
491,clay,,3
492,clean,,1
493,clear,(clarify),1
494,clerk,,2
495,clever,,1
496,click,,2
497,client,,2
498,cliff,,2
499,climate,,2
500,climb,,1
501,cling,,3
502,clinic,,3
503,clip,,2
504,clock,,1
505,close,"(disclose, enclose)",1
506,clothes,,1
507,cloud,,1
508,club,,1
509,clue,,2
510,cluster,,3
511,coach,,2
512,coal,,2
513,coast,,2
514,coat,,1
515,code,,2
516,coffee,,1
517,coin,,2
518,coincide,,3
519,cold,,1
520,collaborate,,3
521,collapse,,3
522,collar,,3
523,colleague,,3
524,collect,,1
525,college,,1
526,colony,,3
527,color,/ colour,1
528,column,,3
529,combat,,3
530,combine,,2
531,come,,1
532,comedy,,2
533,comfort,(comfortable),2
534,comic,,1
535,command,,2
536,comment,,2
537,commerce,,2
538,commit,(commission),3
539,committee,,2
540,commodity,,3
541,common,,2
542,communicate,(communication),2
543,communist,,3
544,community,,2
545,companion,,3
546,company,,1
547,compare,,2
548,compatible,,3
549,compel,,3
550,compensate,,3
551,compete,(competent),3
552,compile,,3
553,complain,,2
554,complement,,3
555,complete,,2
556,complex,(complexity),2
557,complicate,,2
558,component,,3
559,compose,,3
560,compound,,3
561,comprehend,(comprehensive),3
562,comprise,,3
563,compromise,,3
564,compute,(computer),1
565,conceal,,3
566,conceive,,3
567,concentrate,,2
568,concept,,2
569,concern,,2
570,concert,,2
571,conclude,,3
572,concrete,,3
573,condemn,,3
574,condition,,1
575,conduct,,3
576,confer,,3
577,confess,,3
578,confide,(confident),3
579,confine,,3
580,confirm,,2
581,conflict,,2
582,conform,,3
583,confront,,3
584,confuse,,2
585,congratulate,,1
586,congress,,3
587,connect,,2
588,conscience,,3
589,conscious,,2
590,consent,,3
591,conserve,,3
592,consider,,2
593,consist,(consistent),3
594,constant,,2
595,constitute,(constitution),3
596,constrain,,3
597,construct,(construction),3
598,consult,,3
599,consume,"(consumer, consumption)",2
600,contact,,2
601,contain,,2
602,contemporary,,3
603,contend,,3
604,content,,2
605,contest,,2
606,context,,2
607,continent,,3
608,continue,,2
609,contract,,2
610,contradict,,3
611,contrary,,3
612,contrast,,3
613,contribute,,2
614,control,,1
615,controversy,,3
616,convene,"(convenient, convention)",3
617,converse,(conversation),2
618,convert,,3
619,convey,,3
620,convict,,3
621,convince,,2
622,cook,,1
623,cookie,/ cooky,1
624,cool,,1
625,cooperate,,3
626,coordinate,,3
627,cop,,2
628,cope,,2
629,copy,,2
630,copyright,,3
631,cord,,3
632,core,,3
633,corn,,3
634,corner,,1
635,corporate,(corporation),3
636,correct,,2
637,correspond,,3
638,corridor,,3
639,corrupt,,3
640,cost,,1
641,costume,,3
642,cottage,,2
643,cotton,,2
644,cough,,2
645,could,,1
646,council,,2
647,counsel,,3
648,count,"(discount, counter)",2
649,counterpart,,3
650,country,,1
651,countryside,,2
652,county,,2
653,couple,,1
654,coupon,,3
655,courage,"(discourage, encourage)",3
656,course,,1
657,court,,1
658,cousin,,1
659,cover,(discover),1
660,cow,,1
661,crack,,2
662,craft,,3
663,crash,,2
664,crawl,,2
665,crayon,,1
666,craze,(crazy),3
667,cream,,1
668,create,(creature),2
669,credible,(incredible),3
670,credit,,2
671,creep,,3
672,crew,,3
673,crime,(criminal),2
674,crisis,,2
675,crisp,,2
676,criterion,,3
677,critic,"(criticize / criticise, criticism)",3
678,crop,,3
679,cross,,1
680,crowd,,2
681,crown,,2
682,crucial,,3
683,cruel,,2
684,cruise,,3
685,crush,,3
686,cry,,1
687,crystal,,3
688,cultivate,,3
689,culture,,1
690,cup,,1
691,cure,,2
692,curious,(curiosity),2
693,curl,,2
694,currency,,3
695,current,,2
696,curriculum,,3
697,curry,,3
698,curse,,3
699,curtain,,1
700,curve,,3
701,custody,,3
702,custom,,3
703,customer,,1
704,cut,,1
705,cute,,2
706,cycle,(recycle cyclist),2
707,cynical,,3
708,dairy,,3
709,damage,,2
710,damp,,3
711,dance,,1
712,danger,,1
713,dare,,2
714,dark,,1
715,darling,,2
716,dash,,3
717,database,,3
718,date,,1
719,datum,(data),3
720,daughter,,1
721,dawn,,2
722,day,,1
723,dead,,1
724,deal,,2
725,death,,1
726,debate,,2
727,debt,,2
728,decade,,3
729,decay,,3
730,decent,,3
731,decide,(decision),1
732,deck,,2
733,declare,,3
734,decline,(declension),3
735,decorate,,2
736,decrease,,3
737,dedicate,,3
738,deep,,1
739,defeat,,3
740,defend,(defendant),3
741,defense,/ defence,2
742,deficiency,,3
743,deficit,,3
744,define,,2
745,definite,,2
746,degree,,2
747,delay,,2
748,delegate,,3
749,delete,,3
750,deliberate,,3
751,delicate,,3
752,delicious,,1
753,delight,,2
754,deliver,,2
755,demand,,2
756,democracy,,3
757,democrat,,3
758,demon,,3
759,demonstrate,,2
760,dense,,3
761,dentist,,2
762,deny,,2
763,depart,"(department, departure)",3
764,depend,"(dependence, independent)",2
765,depict,,3
766,deposit,,3
767,depress,,2
768,deprive,,3
769,derive,,3
770,descend,,3
771,describe,(description),2
772,desert,,2
773,deserve,,2
774,design,,1
775,designate,,3
776,desire,,2
777,desk,,1
778,despair,,3
779,desperate,,2
780,despite,,2
781,destine,(destination),3
782,destiny,,3
783,destroy,,2
784,destruct,(destruction),3
785,detach,,3
786,detail,,2
787,detect,,2
788,determine,,2
789,develop,,2
790,device,,3
791,devil,,3
792,devise,,3
793,devote,,3
794,diabetes,,3
795,dialogue,/ dialog,1
796,diary,,2
797,dictate,,3
798,dictionary,,2
799,die,,1
800,diet,,2
801,differ,(different),3
802,difficult,,1
803,dig,,2
804,dignity,,3
805,dimension,,3
806,diminish,,3
807,dine,,3
808,dinner,,1
809,dip,,3
810,diplomat,,3
811,direct,,2
812,dirt,(dirty),2
813,disappoint,,2
814,disaster,,3
815,disc,(disk),2
816,discipline,,2
817,discourse,,3
818,discriminate,,3
819,discuss,,1
820,disgust,,2
821,dish,,2
822,dismiss,,3
823,display,,2
824,dispute,,3
825,disrupt,,3
826,distance,,2
827,distinct,,3
828,distinguish,,3
829,distort,,3
830,distract,,3
831,distribute,,3
832,district,,2
833,disturb,,2
834,dive,,2
835,diverse,,3
836,divide,,2
837,divine,,3
838,divorce,,2
839,do,,1
840,doctor,,1
841,document,,2
842,dog,,1
843,doll,,1
844,dolphin,,2
845,domain,,3
846,domestic,,2
847,dominate,(dominant),3
848,donate,,2
849,door,,1
850,dose,,3
851,dot,,3
852,double,,1
853,doubt,,2
854,doughnut,,1
855,down,,1
856,dozen,,2
857,draft,,3
858,drag,,2
859,drain,,3
860,drama,,2
861,draw,(drawer),1
862,dread,,3
863,dream,,1
864,dress,,1
865,drill,,3
866,drink,,1
867,drive,,1
868,drop,,1
869,drown,,3
870,drug,,2
871,drum,,1
872,dry,,1
873,dual,,3
874,duck,,1
875,due,,2
876,dull,,3
877,dump,,2
878,during,,1
879,dust,,2
880,duty,,2
881,dwell,,3
882,dynamic,,3
883,each,,2
884,eager,,3
885,ear,,1
886,early,,1
887,earn,,2
888,earth,,1
889,ease,"(disease, easy)",2
890,east,,1
891,eat,,1
892,economy,,2
893,edge,,2
894,edit,,2
895,educate,,2
896,effect,(effective),2
897,efficient,,3
898,effort,,2
899,egg,,1
900,eight,,1
901,either,,2
902,elaborate,,3
903,elect,,2
904,electric,,2
905,electronic,,3
906,elegant,,3
907,element,(elementary),2
908,elephant,,1
909,elevate,(elevator),3
910,eleven,,1
911,eliminate,,3
912,elite,,3
913,else,,2
914,embarrass,,2
915,embassy,,3
916,embrace,,3
917,emerge,(emergence),3
918,emergency,,3
919,emit,(emission),3
920,emotion,,2
921,emphasis,,3
922,emphasize,,2
923,empire,,2
924,employ,,2
925,empty,,2
926,encounter,,3
927,end,,1
928,endure,,3
929,enemy,,2
930,energy,,1
931,engage,,2
932,engine,,2
933,engineer,,2
934,enhance,,3
935,enormous,,2
936,enough,,1
937,enter,,1
938,enterprise,,3
939,entertain,,2
940,enthusiastic,,3
941,entire,,2
942,entry,,3
943,envelope,,2
944,environ,(environment),3
945,envy,,3
946,equal,,2
947,equip,(equipment),3
948,era,,3
949,erase,(eraser),3
950,erect,,3
951,err,(error),3
952,escape,,2
953,especial,(especially),2
954,essay,,2
955,essence,(essential),3
956,establish,,2
957,estate,,3
958,estimate,,2
959,ethic,(ethical),3
960,ethnic,,3
961,evacuate,,3
962,evaluate,,3
963,even,,2
964,evening,,1
965,event,(eventually),2
966,ever,,2
967,every,,1
968,evidence,,2
969,evil,,2
970,evitable,(inevitable),3
971,evolution,,3
972,evolve,,3
973,exact,,2
974,exaggerate,,3
975,examine,(examination / exam),2
976,example,,1
977,exceed,,3
978,excel,(excellent),3
979,except,,2
980,excess,,3
981,exchange,,2
982,excite,,2
983,exclude,(exclusive),3
984,excuse,,2
985,executive,,3
986,exercise,,1
987,exhaust,,2
988,exhibit,,3
989,exist,,2
990,exit,,2
991,exotic,,3
992,expand,,2
993,expect,,2
994,expense,(expensive),2
995,experience,,2
996,experiment,,2
997,expert,,2
998,expertise,,3
999,explain,,2
1000,explicit,,3
1001,explode,,3
1002,explore,,3
1003,export,,3
1004,expose,,2
1005,express,,2
1006,extend,,2
1007,extent,,3
1008,external,,3
1009,extinct,,3
1010,extra,,2
1011,extract,,3
1012,extraordinary,,3
1013,extreme,,2
1014,eye,,1
1015,eyebrow,,3
1016,fabric,,3
1017,face,,1
1018,facilitate,,3
1019,facility,,3
1020,fact,(factual),1
1021,factor,,2
1022,factory,,2
1023,faculty,,3
1024,fade,,3
1025,fail,,1
1026,faint,,2
1027,fair,,2
1028,faith,,2
1029,fall,,1
1030,FALSE,,3
1031,fame,(famous),3
1032,familiar,,2
1033,family,,1
1034,fan,,1
1035,fancy,,2
1036,fantastic,,2
1037,far,,1
1038,fare,,3
1039,farm,,1
1040,fascinate,,2
1041,fashion,,2
1042,fast,,1
1043,fasten,,3
1044,fat,,1
1045,fate,(fatal),3
1046,father,"(dad, daddy)",1
1047,fault,,2
1048,favor,/ favour,2
1049,favorite,/ favourite,1
1050,fear,,2
1051,feature,,2
1052,federal,,3
1053,fee,,2
1054,feed,,2
1055,feel,,1
1056,fellow,,2
1057,female,,2
1058,fence,,2
1059,ferry,,3
1060,fertile,,3
1061,festival,,1
1062,fever,,2
1063,few,,2
1064,fiber,/ fibre,3
1065,fiction,,3
1066,field,,1
1067,fierce,,3
1068,fight,,1
1069,figure,,2
1070,file,,1
1071,fill,,1
1072,film,,1
1073,filter,,3
1074,final,,2
1075,finance,,2
1076,find,,1
1077,fine,,1
1078,finger,,1
1079,finish,,1
1080,finite,,3
1081,fire,,1
1082,firm,,2
1083,first,,1
1084,fish,,1
1085,fit,,2
1086,five,,1
1087,fix,,1
1088,flag,,2
1089,flame,,2
1090,flash,,2
1091,flat,,2
1092,flavor,/ flavour,3
1093,flaw,,3
1094,flee,,3
1095,flesh,,3
1096,flexible,,3
1097,flight,,2
1098,flip,,3
1099,float,,2
1100,flock,,3
1101,flood,,2
1102,floor,,1
1103,flourish,,3
1104,flow,,2
1105,flower,,1
1106,flush,,3
1107,fly,,1
1108,focus,,1
1109,fog,,2
1110,fold,,2
1111,folk,,2
1112,follow,,2
1113,fond,,3
1114,food,,1
1115,fool,,1
1116,foot,,1
1117,football,,1
1118,for,,1
1119,forbid,,3
1120,force,(enforce),2
1121,forecast,,3
1122,forehead,,3
1123,foreign,,2
1124,forest,,1
1125,forever,,2
1126,forget,,1
1127,forgive,,2
1128,fork,,1
1129,form,"(formal, formation, informal)",1
1130,format,,3
1131,former,,3
1132,formula,,3
1133,forth,,2
1134,fortunate,,2
1135,fortune,,2
1136,forward,,2
1137,foster,,3
1138,found,(foundation),2
1139,fountain,,3
1140,four,,1
1141,fox,,1
1142,fraction,,3
1143,frame,,2
1144,framework,,3
1145,frankly,,2
1146,free,,1
1147,freeze,,2
1148,frequent,,3
1149,fresh,,1
1150,friend,(friendship),1
1151,fright,,2
1152,frog,,2
1153,from,,1
1154,front,,1
1155,frost,,3
1156,frown,,3
1157,fruit,,1
1158,frustrate,,2
1159,fry,,2
1160,fuel,,3
1161,fulfil,,3
1162,full,,1
1163,fun,,1
1164,function,,2
1165,fund,,2
1166,fundamental,,3
1167,funeral,,3
1168,fur,,2
1169,furnish,,3
1170,furniture,,2
1171,furthermore,,3
1172,fury,(furious),3
1173,fuse,,3
1174,future,,1
1175,gain,,2
1176,gallery,,3
1177,gamble,,3
1178,game,,1
1179,gang,,3
1180,gap,,3
1181,garage,,2
1182,garden,,1
1183,gas,,1
1184,gasoline,/ petrol,3
1185,gate,,2
1186,gather,,2
1187,gaze,,3
1188,gear,,2
1189,gender,,3
1190,gene,(genetic),3
1191,general,,2
1192,generate,(generation),3
1193,generous,,3
1194,genius,,3
1195,gentle,,2
1196,gentleman,,1
1197,genuine,,3
1198,geography,,3
1199,geology,,3
1200,gesture,,2
1201,get,,1
1202,ghost,,2
1203,giant,,2
1204,gift,,2
1205,giraffe,,2
1206,girl,,1
1207,give,,1
1208,glad,,1
1209,glance,,2
1210,glare,,3
1211,glass,,1
1212,globe,(global),3
1213,glory,,2
1214,glove,,2
1215,glow,,3
1216,glue,,2
1217,go,,1
1218,goal,,1
1219,goat,,3
1220,god,,1
1221,gold,,1
1222,golf,,2
1223,good,(goods),1
1224,goodbye,(bye),1
1225,gorgeous,,2
1226,govern,(government),2
1227,grab,,2
1228,grace,,2
1229,grade,(gradual),2
1230,graduate,,3
1231,grain,,3
1232,grand,,2
1233,grandfather,,1
1234,grant,,2
1235,grape,,1
1236,graph,(graphic),2
1237,grasp,,3
1238,grass,,1
1239,grateful,,3
1240,grave,,3
1241,gray,/ grey,1
1242,great,,1
1243,greed,,3
1244,green,,1
1245,greet,,2
1246,grief,,3
1247,grip,,3
1248,grocery,,2
1249,gross,,3
1250,ground,,1
1251,group,,1
1252,grow,,1
1253,guarantee,,2
1254,guard,,2
1255,guardian,,3
1256,guess,,1
1257,guest,,2
1258,guide,,2
1259,guideline,,3
1260,guilt,(guilty),2
1261,guitar,,1
1262,gulf,,3
1263,gum,,1
1264,gun,,2
1265,guy,,1
1266,gymnasium,/ gym,3
1267,habit,,1
1268,habitat,,3
1269,hair,,1
1270,half,,2
1271,hall,,2
1272,halt,,3
1273,hamburger,,1
1274,hammer,,3
1275,hand,,1
1276,handicap,,3
1277,handle,,2
1278,handsome,,2
1279,hang,,1
1280,happen,,2
1281,happy,,1
1282,harbor,/ harbour,3
1283,hard,(hardly),1
1284,harm,,2
1285,harmony,(harmonious),3
1286,harsh,,3
1287,harvest,,3
1288,hat,,1
1289,hate,,1
1290,haunt,,3
1291,have,,1
1292,hazard,,3
1293,he,,1
1294,head,,1
1295,headquarters,,3
1296,heal,,3
1297,health,(healthy),2
1298,hear,,2
1299,heart,,1
1300,heat,,1
1301,heaven,,2
1302,heavy,,1
1303,heel,,3
1304,height,,2
1305,heir,,3
1306,helicopter,,2
1307,hell,,2
1308,hello,/ hey / hi,1
1309,helmet,,1
1310,help,,1
1311,hence,,3
1312,here,,1
1313,heritage,,3
1314,hero,,1
1315,hesitate,,2
1316,hide,,2
1317,hierarchy,,3
1318,high,,1
1319,highlight,,3
1320,highway,,2
1321,hike,,1
1322,hill,,1
1323,hint,,2
1324,hire,,2
1325,history,,1
1326,hit,,1
1327,hobby,,1
1328,hold,,1
1329,hole,,2
1330,holiday,,1
1331,holy,,3
1332,home,,1
1333,homework,,1
1334,honest,,1
1335,honey,,2
1336,honor,/ honour,2
1337,hook,,3
1338,hope,,1
1339,horizon,,3
1340,horror,,3
1341,horse,,1
1342,hospital,,1
1343,host,,3
1344,hostile,,3
1345,hot,,1
1346,hotel,,2
1347,hour,,1
1348,house,,1
1349,household,,3
1350,how,,1
1351,however,,1
1352,hug,,2
1353,huge,,2
1354,human,,1
1355,humor,/ humour,2
1356,hundred,,1
1357,hunger,(hungry),2
1358,hunt,,1
1359,hurry,,1
1360,hurt,,2
1361,husband,,1
1362,hut,,3
1363,hypothesis,,3
1364,I,,1
1365,ice,,1
1366,idea,,1
1367,ideal,,3
1368,identical,,3
1369,identity,(identify),2
1370,ideology,,3
1371,if,,1
1372,ignore,,2
1373,ill,,2
1374,illude,(illusion),3
1375,illustrate,,2
1376,image,,1
1377,imagine,,2
1378,imitate,,3
1379,immediate,,2
1380,immense,,3
1381,immigrate,,3
1382,immune,,3
1383,impact,,3
1384,imperial,,3
1385,implement,,3
1386,imply,,3
1387,import,"(importance, important)",3
1388,impose,,3
1389,impress,,2
1390,improve,,2
1391,in,,1
1392,incentive,,3
1393,incident,,3
1394,incline,,3
1395,include,,2
1396,income,,2
1397,incorporate,,3
1398,increase,,2
1399,indeed,,2
1400,index,,3
1401,indicate,,2
1402,individual,,2
1403,induce,,3
1404,industry,,2
1405,infant,,3
1406,infect,,3
1407,infer,(inference),3
1408,inflate,,3
1409,influence,,2
1410,inform,,2
1411,ingredient,,3
1412,inhabit,,3
1413,inherent,,3
1414,inhibit,,3
1415,initial,,3
1416,inject,,3
1417,injure,,2
1418,inn,,3
1419,innocent,,2
1420,innovate,,3
1421,input,,3
1422,inquire,/ enquire,3
1423,insect,,3
1424,insert,,3
1425,inside,,1
1426,insight,,3
1427,insist,,2
1428,inspect,,2
1429,inspire,,3
1430,install,,3
1431,instance,,2
1432,instant,,2
1433,instead,,2
1434,instinct,,3
1435,institute,(institution),3
1436,instruct,,2
1437,instrument,,2
1438,insult,,3
1439,insure,(insurance),2
1440,integrate,,3
1441,intellect,(intellectual),3
1442,intelligent,,3
1443,intend,,2
1444,intense,,2
1445,intent,(intention),2
1446,interest,,2
1447,interfere,,3
1448,interior,,3
1449,intermediate,,3
1450,internal,,2
1451,internet,,1
1452,interpret,,3
1453,interrupt,,2
1454,interval,,3
1455,intervene,,3
1456,intimate,,3
1457,into,,1
1458,intrigue,,3
1459,introduce,,1
1460,invade,,3
1461,invent,(inventor),2
1462,invest,,2
1463,investigate,,2
1464,invite,,1
1465,involve,,2
1466,iron,,2
1467,irony,,3
1468,irritate,,3
1469,island,,2
1470,isolate,,3
1471,issue,,1
1472,it,,1
1473,item,,2
1474,jacket,,1
1475,jail,,3
1476,jam,,1
1477,jar,,3
1478,jaw,,2
1479,jeans,,2
1480,job,,1
1481,jog,,3
1482,join,,1
1483,joint,,3
1484,joke,,2
1485,journal,,3
1486,journey,,2
1487,joy,(enjoy),2
1488,judge,,2
1489,juice,,1
1490,jump,,1
1491,junior,,2
1492,jury,,3
1493,just,,1
1494,justice,,2
1495,keen,,3
1496,keep,,1
1497,key,,1
1498,kick,,1
1499,kid,,1
1500,kill,,1
1501,kind,,1
1502,king,,1
1503,kiss,,1
1504,kit,,3
1505,kitchen,,1
1506,knee,,2
1507,knife,,1
1508,knight,,3
1509,knock,,2
1510,knot,,3
1511,know,,1
1512,knowledge,,2
1513,label,,2
1514,labor,/ labour,2
1515,laboratory,/ lab,2
1516,lack,,2
1517,ladder,,3
1518,lady,,1
1519,lake,,1
1520,lamb,,2
1521,lamp,,2
1522,land,,1
1523,landscape,,3
1524,lane,,2
1525,language,,2
1526,lap,,3
1527,large,,1
1528,laser,,1
1529,last,,1
1530,late,,1
1531,latter,,3
1532,laugh,,2
1533,launch,,3
1534,laundry,,3
1535,law,,2
1536,lawn,,2
1537,lawyer,,2
1538,lay,(layer),2
1539,lazy,,1
1540,lead,,2
1541,leaf,,2
1542,league,,2
1543,leak,,3
1544,lean,,2
1545,leap,,2
1546,learn,,1
1547,lease,,3
1548,leather,,3
1549,leave,,2
1550,lecture,,3
1551,left,,1
1552,leg,,1
1553,legal,,2
1554,legend,,3
1555,legislate,,3
1556,legitimate,,3
1557,leisure,,3
1558,lemon,,2
1559,lend,,2
1560,lesson,,1
1561,let,,2
1562,letter,(literal),1
1563,level,,2
1564,liberal,,3
1565,liberty,,3
1566,library,,1
1567,license,/ licence,2
1568,lid,,2
1569,lie,,1
1570,life,,1
1571,lift,,2
1572,light,,1
1573,like,(likely),1
1574,likewise,,3
1575,limit,,2
1576,line,,1
1577,linguistic,,3
1578,link,,2
1579,lion,,1
1580,lip,,1
1581,liquid,,3
1582,list,,2
1583,listen,,1
1584,literature,,3
1585,little,,1
1586,live,,1
1587,livingroom,,2
1588,load,,2
1589,loan,,2
1590,local,,2
1591,locate,,2
1592,lock,,2
1593,log,,2
1594,logic,,3
1595,lone,,3
1596,long,,1
1597,look,,1
1598,loose,,2
1599,lose,,2
1600,loss,,2
1601,lot,,2
1602,loud,,2
1603,love,,1
1604,low,,1
1605,loyal,,3
1606,luck,,1
1607,lump,,3
1608,lunch,,1
1609,luxury,,3
1610,machine,,2
1611,mad,,1
1612,magazine,,2
1613,magic,,2
1614,magnet,,3
1615,magnificent,,3
1616,mail,,1
1617,main,,2
1618,maintain,,2
1619,major,(majority),2
1620,make,,1
1621,male,,2
1622,man,,1
1623,manage,,2
1624,manifest,,3
1625,manipulate,,3
1626,manner,,2
1627,manufacture,,2
1628,many,,1
1629,map,,1
1630,marathon,,1
1631,margin,,3
1632,marine,,3
1633,mark,,2
1634,market,,1
1635,marry,,1
1636,marvel,,2
1637,mask,,2
1638,mass,,2
1639,master,,2
1640,match,,2
1641,mate,,2
1642,mathematics,/ maths / math,1
1643,matter,(material),2
1644,mature,,3
1645,maximum,,2
1646,may,,1
1647,maybe,,2
1648,mayor,,3
1649,meal,,2
1650,mean,,2
1651,meanwhile,,3
1652,measure,,2
1653,meat,,1
1654,mechanic,,3
1655,mechanism,,3
1656,medal,,1
1657,mediate,,3
1658,medical,,2
1659,medicine,,2
1660,medieval,,3
1661,medium,(media),3
1662,meet,,1
1663,melon,,2
1664,melt,,2
1665,member,(membership),1
1666,memory,,1
1667,mental,,2
1668,mention,,2
1669,menu,,2
1670,merchant,,3
1671,mere,,3
1672,merge,,3
1673,merit,,3
1674,mess,,2
1675,message,,2
1676,metal,,2
1677,method,,2
1678,metropolitan,,3
1679,microphone,,3
1680,microwave,,2
1681,middle,,1
1682,might,,1
1683,migrate,(migrant),3
1684,mild,,3
1685,military,,2
1686,milk,,1
1687,mill,,2
1688,million,,3
1689,mind,,1
1690,mine,(miner),3
1691,mineral,,3
1692,minimal,,3
1693,minimum,,3
1694,ministry,,3
1695,minor,,2
1696,minute,,2
1697,miracle,,3
1698,mirror,,2
1699,miss,,1
1700,missile,,3
1701,mission,,2
1702,mix,,2
1703,mobile,,3
1704,mock,,3
1705,mode,,3
1706,modify,,3
1707,model,,1
1708,moderate,,3
1709,modern,,2
1710,modest,,3
1711,moist,(moisture),3
1712,molecule,,3
1713,moment,,2
1714,money,,1
1715,monitor,,2
1716,monkey,,1
1717,monster,,3
1718,month,,1
1719,monument,,3
1720,mood,,2
1721,moon,(half¡©moon),1
1722,moral,,2
1723,moreover,,2
1724,morning,,1
1725,mortal,,3
1726,mother,"(mom, mommy)",1
1727,motion,,2
1728,motive,,3
1729,motor,,2
1730,mount,,2
1731,mountain,,1
1732,mouse,,1
1733,mouth,,1
1734,move,,1
1735,movie,,1
1736,much,,1
1737,mud,,2
1738,multiple,,3
1739,murder,,3
1740,muscle,,2
1741,museum,,2
1742,mushroom,,2
1743,music,,1
1744,must,,1
1745,mutual,,3
1746,mystery,,2
1747,myth,,3
1748,nail,,2
1749,naive,,3
1750,naked,,3
1751,name,,1
1752,narrate,,3
1753,narrow,,2
1754,nasty,,3
1755,nation,(international),1
1756,native,,2
1757,nature,,1
1758,navy,,2
1759,near,,1
1760,neat,,2
1761,necessary,,2
1762,neck,,1
1763,need,,1
1764,needle,,3
1765,negate,(negative),3
1766,neglect,,3
1767,negotiate,,3
1768,neighbor,/ neighbour,2
1769,neither,,2
1770,nephew,,3
1771,nerve,(nervous),2
1772,nest,,2
1773,net,,2
1774,network,,3
1775,neutral,,3
1776,never,,1
1777,nevertheless,,3
1778,new,,1
1779,news,,1
1780,newspaper,,1
1781,next,,1
1782,nice,,1
1783,night,,1
1784,nightmare,,3
1785,nine,,1
1786,no,/ nope / nay,1
1787,noble,,3
1788,nod,,3
1789,noise,,2
1790,nominate,,3
1791,none,,2
1792,nonetheless,,3
1793,noon,,2
1794,nor,,2
1795,norm,(normal),3
1796,north,,1
1797,nose,,1
1798,not,,1
1799,note,(notion),1
1800,notebook,,1
1801,nothing,,1
1802,notice,,2
1803,novel,,3
1804,now,,1
1805,nowadays,,2
1806,nowhere,,2
1807,nuclear,,3
1808,number,,1
1809,numerous,,3
1810,nurse,,1
1811,nut,,2
1812,oak,,2
1813,obey,,3
1814,object,(objective),2
1815,oblige,,3
1816,observe,,2
1817,obsess,,3
1818,obtain,,3
1819,obvious,,2
1820,occasion,,2
1821,occupy,(occupation),3
1822,occur,(occurrence),2
1823,ocean,,2
1824,odd,,2
1825,of,,1
1826,off,,1
1827,offend,,3
1828,offer,,2
1829,office,(official),1
1830,officer,,2
1831,often,,1
1832,oil,,1
1833,okay,/ okey / OK,1
1834,old,,1
1835,on,,1
1836,once,,2
1837,one,,1
1838,only,,1
1839,open,,1
1840,opera,,2
1841,operate,,2
1842,opinion,,2
1843,opportune,(opportunity),3
1844,oppose,,2
1845,opt,(option),3
1846,optimist,,3
1847,or,,1
1848,oral,,3
1849,orange,,1
1850,orbit,,3
1851,orchestra,,3
1852,order,(disorder),2
1853,ordinary,,2
1854,organ,"(organic, organize / organise)",3
1855,orient,(orientation),3
1856,origin,(original),3
1857,other,,2
1858,otherwise,,2
1859,ought,,2
1860,out,,1
1861,outcome,,3
1862,outline,,3
1863,output,,3
1864,outrage,,3
1865,outstanding,,3
1866,oven,,2
1867,over,,1
1868,overall,,2
1869,overcome,,3
1870,overhead,,3
1871,overlap,,3
1872,overlook,,3
1873,overnight,,3
1874,oversea,/ overseas,3
1875,overwhelm,,3
1876,owe,,3
1877,own,,2
1878,pace,,3
1879,pack,,2
1880,pad,,3
1881,page,,1
1882,pain,,2
1883,paint,,1
1884,pair,,2
1885,palace,,2
1886,pale,,3
1887,palm,,3
1888,pan,,2
1889,panel,,3
1890,panic,,2
1891,pants,,1
1892,paper,,1
1893,parade,,2
1894,paragraph,,2
1895,parallel,,3
1896,pardon,,2
1897,parent,,1
1898,park,,1
1899,parliament,,3
1900,part,,1
1901,participate,,3
1902,particle,,3
1903,particular,(particularly),2
1904,partner,,1
1905,party,,1
1906,pass,,1
1907,passage,,3
1908,passenger,,3
1909,passion,,3
1910,passport,,3
1911,past,,2
1912,pat,,3
1913,patch,,3
1914,patent,,3
1915,path,,2
1916,patient,,2
1917,pattern,,2
1918,pause,,2
1919,pave,,3
1920,pay,,1
1921,peace,(peaceful),2
1922,peak,,3
1923,pear,,2
1924,peasant,,3
1925,peel,,3
1926,peer,,3
1927,pen,,1
1928,penalty,,3
1929,pencil,,1
1930,people,,1
1931,pepper,,2
1932,per,,2
1933,perceive,(perception),3
1934,perfect,,2
1935,perform,,2
1936,perhaps,,2
1937,period,,2
1938,permanent,,3
1939,permit,,3
1940,persist,,3
1941,person,(personality),2
1942,perspective,,3
1943,persuade,,3
1944,pet,,2
1945,phase,,3
1946,phenomenon,,3
1947,philosophy,,3
1948,photograph,/ photo,2
1949,phrase,,3
1950,physical,,2
1951,physics,,3
1952,piano,,1
1953,pick,,1
1954,picnic,,2
1955,picture,,1
1956,pie,,2
1957,piece,,2
1958,pig,,1
1959,pile,,2
1960,pill,,3
1961,pilot,,1
1962,pin,,2
1963,pinch,,3
1964,pine,,2
1965,pink,,1
1966,pioneer,,3
1967,pipe,,2
1968,pitch,,2
1969,pity,,2
1970,pizza,,1
1971,place,(displace),1
1972,plain,,2
1973,plan,,1
1974,plane,,2
1975,planet,,2
1976,plant,,2
1977,plastic,,1
1978,plate,,2
1979,platform,,3
1980,play,,1
1981,please,"(pleasant, pleasure)",1
1982,plenty,,2
1983,plot,,3
1984,plus,,2
1985,pocket,,2
1986,poem,,2
1987,poet,,2
1988,point,,1
1989,poison,,2
1990,pole,(polar),2
1991,police,,1
1992,policy,,2
1993,polish,,3
1994,polite,,2
1995,politics,,2
1996,poll,,3
1997,pollute,,2
1998,pond,,3
1999,pool,,2
2000,poor,,1
2001,pop,,2
2002,popular,,2
2003,populate,(population),3
2004,pork,,2
2005,port,,2
2006,portion,,3
2007,portrait,,3
2008,pose,(dispose),3
2009,posit,"(position, positive)",3
2010,possess,,2
2011,possible,,2
2012,post,(poster),2
2013,pot,,2
2014,potato,,1
2015,potential,,2
2016,pour,,2
2017,powder,,2
2018,power,,1
2019,practical,,2
2020,practice,/ practise,2
2021,praise,,3
2022,pray,,2
2023,preach,,3
2024,precede,(unprecedented),3
2025,precise,,3
2026,predator,,3
2027,predict,,3
2028,prefer,,2
2029,pregnant,,2
2030,prejudice,,3
2031,premium,,3
2032,prepare,,2
2033,prescribe,,3
2034,presence,,2
2035,present,,1
2036,preserve,,3
2037,preside,(president),3
2038,press,,2
2039,presume,,3
2040,pretend,,2
2041,pretty,,1
2042,prevail,,3
2043,prevent,,2
2044,previous,,2
2045,prey,,3
2046,price,,2
2047,pride,,2
2048,priest,,3
2049,prime,(primary),2
2050,primitive,,3
2051,prince,,1
2052,principal,,3
2053,principle,,2
2054,print,,1
2055,prior,,3
2056,prison,,2
2057,privacy,,2
2058,private,,2
2059,privilege,,3
2060,prize,,2
2061,probable,(probably),2
2062,problem,,1
2063,proceed,(procedure),2
2064,process,,2
2065,produce,,2
2066,profession,,2
2067,professor,,3
2068,profile,,3
2069,profit,,2
2070,profound,,3
2071,program,/ programme (programmatic),1
2072,progress,,2
2073,prohibit,,3
2074,project,,1
2075,prominent,,3
2076,promise,,2
2077,promote,,2
2078,prompt,,3
2079,pronounce,(pronunciation),2
2080,proof,,3
2081,proper,,2
2082,property,,2
2083,proportion,,3
2084,propose,,2
2085,prospect,,3
2086,prosper,,3
2087,protect,,2
2088,protein,,3
2089,protest,,2
2090,proud,,2
2091,prove,,2
2092,provide,,2
2093,province,,3
2094,provoke,,3
2095,psychology,,3
2096,pub,,2
2097,public,,2
2098,publish,(publisher),3
2099,pull,,2
2100,pump,,2
2101,punch,,2
2102,punish,,2
2103,pupil,,3
2104,puppy,,1
2105,purchase,,2
2106,pure,,2
2107,purple,,2
2108,purpose,,2
2109,pursue,,3
2110,push,,1
2111,put,,1
2112,puzzle,,2
2113,quality,(qualify),2
2114,quantity,,3
2115,quarter,,2
2116,queen,,1
2117,question,,1
2118,questionnaire,,3
2119,quick,,1
2120,quiet,,1
2121,quit,,2
2122,quite,,2
2123,quiz,,1
2124,quote,,2
2125,rabbit,,1
2126,race,(racial),1
2127,radio,,1
2128,rage,,3
2129,rail,,2
2130,rain,,1
2131,rainbow,,2
2132,raise,,2
2133,rally,,3
2134,random,,3
2135,range,,2
2136,rank,,3
2137,rapid,,2
2138,rare,,2
2139,rat,,2
2140,rate,,2
2141,rather,,2
2142,rational,,3
2143,raw,,3
2144,reach,,2
2145,react,,2
2146,read,,1
2147,ready,,1
2148,real,(realize / realise),2
2149,rear,,3
2150,reason,(reasonable),2
2151,rebel,,3
2152,receipt,,3
2153,receive,(reception),2
2154,recent,,2
2155,recipe,,2
2156,recognize,,2
2157,recommend,,2
2158,record,,2
2159,recover,,2
2160,recreation,,1
2161,recruit,,3
2162,red,,1
2163,reduce,,2
2164,refer,,2
2165,refine,,3
2166,reflect,,2
2167,reform,,3
2168,refrigerate,(refrigerator),3
2169,refuse,,2
2170,regard,,2
2171,region,,2
2172,register,,2
2173,regret,,3
2174,regular,,2
2175,regulate,,3
2176,reinforce,,3
2177,reject,,3
2178,relate,"(relative, relation, relationship)",2
2179,relax,,2
2180,release,,2
2181,relevant,,3
2182,relief,,2
2183,relieve,,3
2184,religion,,3
2185,reluctant,,3
2186,rely,,2
2187,remain,,2
2188,remark,,2
2189,remedy,,3
2190,remember,,1
2191,remind,,2
2192,remote,,3
2193,remove,,2
2194,rent,,2
2195,repair,,2
2196,repeat,,2
2197,replace,,2
2198,reply,,2
2199,report,,2
2200,represent,,2
2201,republic,,3
2202,reputation,,3
2203,request,,2
2204,require,,2
2205,rescue,,3
2206,research,,2
2207,resemble,,3
2208,reserve,,2
2209,reside,(resident),3
2210,resign,,3
2211,resist,,2
2212,resolve,,3
2213,resort,,3
2214,resource,,2
2215,respect,(respective),2
2216,respond,,2
2217,responsible,,2
2218,rest,,2
2219,restaurant,,1
2220,restore,,3
2221,restrain,,3
2222,restrict,,3
2223,restroom,,1
2224,result,,2
2225,resume,,3
2226,retail,,3
2227,retain,,3
2228,retire,,2
2229,retreat,,3
2230,return,,1
2231,reveal,,3
2232,revenge,,3
2233,reverse,,3
2234,revise,,3
2235,revive,,3
2236,revolution,,3
2237,reward,,3
2238,rhythm,,3
2239,ribbon,,1
2240,rice,,2
2241,rich,,1
2242,rid,,3
2243,ride,,2
2244,ridicule,(ridiculous),3
2245,right,,1
2246,ring,,1
2247,riot,,3
2248,rise,,2
2249,risk,,2
2250,rival,,3
2251,river,,1
2252,road,,1
2253,roar,,3
2254,roast,,3
2255,rob,,2
2256,robot,,1
2257,rock,,1
2258,rocket,,2
2259,rod,,3
2260,role,,2
2261,roll,(enroll / enrol),2
2262,romantic,,3
2263,roof,,2
2264,room,,1
2265,root,,2
2266,rope,,2
2267,rose,,1
2268,rot,,3
2269,rough,,2
2270,round,,2
2271,route,,2
2272,routine,,3
2273,row,,2
2274,royal,,2
2275,rub,(rubber),2
2276,rude,,2
2277,ruin,,2
2278,rule,,2
2279,rumor,/ rumour,3
2280,run,,1
2281,rural,,3
2282,rush,,2
2283,sack,,3
2284,sacred,,3
2285,sacrifice,,3
2286,sad,,1
2287,safe,,1
2288,sail,,2
2289,salad,,1
2290,salary,,2
2291,sale,,1
2292,salt,,1
2293,same,,1
2294,sample,,2
2295,sand,,1
2296,sandwich,,1
2297,satellite,,3
2298,satisfy,,2
2299,sauce,,2
2300,save,,1
2301,say,,1
2302,scale,,2
2303,scan,,3
2304,scandal,,3
2305,scarce,,3
2306,scare,,2
2307,scarf,,2
2308,scatter,,3
2309,scene,,2
2310,schedule,,2
2311,scheme,,3
2312,scholar,,3
2313,school,,1
2314,science,,1
2315,scissors,,1
2316,scope,,3
2317,score,,1
2318,scramble,,3
2319,scratch,,2
2320,scream,,2
2321,screen,,2
2322,screw,,3
2323,sculpt,(sculpture),3
2324,sea,,1
2325,seal,,2
2326,search,,2
2327,season,,1
2328,seat,,2
2329,second,(secondary),1
2330,secret,,2
2331,secretary,,2
2332,section,,2
2333,sector,,3
2334,secure,,2
2335,see,,1
2336,seed,,2
2337,seek,,2
2338,seem,,2
2339,seize,,3
2340,select,,2
2341,self,,2
2342,sell,,1
2343,send,,1
2344,senior,,2
2345,sense,(sensation),2
2346,sensible,,3
2347,sentence,,2
2348,sentiment,,3
2349,separate,,2
2350,sequence,,3
2351,series,,2
2352,serious,,2
2353,serve,,2
2354,service,,1
2355,session,,2
2356,set,,1
2357,settle,,2
2358,seven,,1
2359,several,,2
2360,severe,,3
2361,sew,,2
2362,sex,,2
2363,shade,,2
2364,shadow,,2
2365,shake,,2
2366,shall,,2
2367,shallow,,3
2368,shame,,2
2369,shape,,2
2370,share,,2
2371,sharp,,2
2372,shave,,2
2373,she,,1
2374,sheep,,2
2375,sheet,,2
2376,shelf,,2
2377,shell,,2
2378,shelter,,2
2379,shift,,2
2380,shine,,2
2381,ship,,1
2382,shirt,,1
2383,shock,,2
2384,shoe,,1
2385,shoot,,2
2386,shop,,1
2387,shore,,2
2388,short,,1
2389,should,,1
2390,shoulder,,2
2391,shout,,2
2392,show,,1
2393,shower,,2
2394,shut,,2
2395,shy,,1
2396,sick,,1
2397,side,,1
2398,sigh,,3
2399,sight,,2
2400,sign,(significant),2
2401,silent,,3
2402,silly,,2
2403,silver,,2
2404,similar,,2
2405,simple,,2
2406,simulate,,3
2407,simultaneous,,3
2408,sin,,3
2409,since,,2
2410,sing,,1
2411,single,,2
2412,sink,,2
2413,sister,,1
2414,sit,,1
2415,site,,2
2416,situate,(situation),2
2417,six,,1
2418,size,,1
2419,skate,,1
2420,ski,,1
2421,skill,,2
2422,skin,,1
2423,skip,,3
2424,skirt,,1
2425,sky,,1
2426,slave,,2
2427,sleep,,1
2428,slice,,3
2429,slide,,2
2430,slight,,2
2431,slim,,3
2432,slip,,2
2433,slope,,3
2434,slow,,1
2435,small,,1
2436,smart,,2
2437,smash,,2
2438,smell,,1
2439,smile,,1
2440,smoke,,2
2441,smooth,,2
2442,snack,,2
2443,snake,,2
2444,snap,,2
2445,sneak,,3
2446,snow,,1
2447,so,,1
2448,soak,,3
2449,soap,,3
2450,soccer,,1
2451,social,,2
2452,society,,2
2453,sociology,,3
2454,sock,,1
2455,soft,,1
2456,software,,1
2457,soil,,2
2458,soldier,,2
2459,sole,,3
2460,solid,,2
2461,solve,,2
2462,some,,1
2463,somewhat,,2
2464,son,,1
2465,song,,1
2466,soon,,2
2467,sophisticate,,3
2468,sore,,2
2469,sorry,,1
2470,sort,,2
2471,soul,,2
2472,sound,,1
2473,soup,,1
2474,sour,,2
2475,source,,2
2476,south,,1
2477,space,,1
2478,spaghetti,,1
2479,span,,3
2480,spare,,2
2481,spark,,3
2482,speak,,1
2483,species,(special),2
2484,specific,,2
2485,spectacle,,3
2486,spectrum,,3
2487,speech,,2
2488,speed,,1
2489,spell,,2
2490,spend,,2
2491,sphere,,3
2492,spill,,3
2493,spin,,2
2494,spirit,,2
2495,spit,,3
2496,splash,,3
2497,split,,3
2498,spoil,,2
2499,sponsor,,2
2500,spoon,,1
2501,sport,,1
2502,spot,,2
2503,spouse,,3
2504,spray,,2
2505,spread,,2
2506,spring,,1
2507,spy,,2
2508,square,,2
2509,squeeze,,3
2510,stable,,2
2511,stack,,3
2512,staff,,1
2513,stage,,2
2514,stain,,3
2515,stairs,,2
2516,stamp,,2
2517,stand,,1
2518,standard,,2
2519,star,,1
2520,stare,,2
2521,start,,1
2522,starve,,3
2523,state,,2
2524,station,,2
2525,statistic,,3
2526,statue,,3
2527,status,,3
2528,stay,,1
2529,steady,,2
2530,steak,,1
2531,steal,,2
2532,steam,,2
2533,steel,,2
2534,steep,,3
2535,stem,,3
2536,step,,2
2537,stick,,2
2538,stiff,,3
2539,still,,2
2540,stimulate,,3
2541,stir,,2
2542,stitch,,3
2543,stock,,2
2544,stomach,,2
2545,stone,,1
2546,stop,,1
2547,store,,1
2548,storm,,2
2549,story,,1
2550,stove,,3
2551,straight,,2
2552,strain,,3
2553,strange,,2
2554,strategy,,2
2555,strawberry,,2
2556,stream,,2
2557,street,,1
2558,stress,,2
2559,stretch,,2
2560,strict,,3
2561,strike,,2
2562,string,,2
2563,strip,,3
2564,stripe,,3
2565,stroke,,3
2566,strong,,1
2567,structure,,2
2568,struggle,,2
2569,studio,,2
2570,study,(student),1
2571,stuff,,2
2572,style,,1
2573,subject,(subjective),2
2574,submarine,,3
2575,submit,(submission),3
2576,subscribe,,3
2577,substance,(substantial),3
2578,substitute,,3
2579,subtle,,3
2580,suburb,,3
2581,subway,,1
2582,succeed,,2
2583,success,,2
2584,such,,2
2585,suck,,3
2586,sudden,,2
2587,suffer,,2
2588,suffice,(sufficient),3
2589,sugar,,1
2590,suggest,,2
2591,suicide,,3
2592,suit,,2
2593,suite,,3
2594,sum,(summary),2
2595,summer,,1
2596,summit,,3
2597,sun,,1
2598,super,,2
2599,superb,,3
2600,superior,,3
2601,supervise,,3
2602,supper,,2
2603,supplement,,3
2604,supply,,2
2605,support,,2
2606,suppose,,2
2607,sure,(ensure),1
2608,surface,,2
2609,surgery,,3
2610,surprise,,2
2611,surrender,,3
2612,surround,,2
2613,survey,,2
2614,survive,,2
2615,suspect,,2
2616,suspend,,3
2617,sustain,,3
2618,swallow,,2
2619,swear,,3
2620,sweat,,3
2621,sweater,,2
2622,sweep,,2
2623,sweet,,2
2624,swell,,3
2625,swift,,3
2626,swim,,1
2627,swing,,2
2628,switch,,2
2629,symbol,,3
2630,sympathy,,3
2631,symphony,,3
2632,symptom,,3
2633,system,,2
2634,table,,1
2635,tackle,,3
2636,tag,,3
2637,tail,,1
2638,take,(mistake),1
2639,tale,,2
2640,talent,,3
2641,talk,,1
2642,tall,,1
2643,tank,,2
2644,tap,,2
2645,tape,,1
2646,target,,2
2647,task,,3
2648,taste,,1
2649,tax,,2
2650,taxi,,1
2651,tea,,2
2652,teach,,1
2653,team,,1
2654,tear,,2
2655,tease,,3
2656,technique,/ technic,2
2657,technology,,2
2658,teenage,,2
2659,telegraph,,3
2660,telephone,/ phone,1
2661,television,,1
2662,tell,,1
2663,temperature,,2
2664,temple,,3
2665,temporary,,3
2666,tempt,,3
2667,ten,,1
2668,tenant,,3
2669,tend,,2
2670,tender,,3
2671,tennis,,1
2672,tense,,2
2673,tent,,1
2674,term,,2
2675,terminal,,3
2676,terminate,,3
2677,terrace,,3
2678,terrible,,2
2679,terrific,,3
2680,territory,,3
2681,terror,(terrorist),3
2682,test,,1
2683,text,,2
2684,textbook,,1
2685,than,,1
2686,thank,,1
2687,that,,1
2688,the,,1
2689,theater,/ theatre,2
2690,theme,,3
2691,then,,2
2692,theory,,2
2693,therapy,,3
2694,there,,1
2695,therefore,,2
2696,they,,1
2697,thick,,2
2698,thief,,2
2699,thin,,2
2700,thing,,1
2701,think,,1
2702,third,,1
2703,thirst,,1
2704,thirteen,,1
2705,thirty,,1
2706,this,,1
2707,thorough,,3
2708,though,,2
2709,thousand,,2
2710,thread,,3
2711,threat,,2
2712,three,,1
2713,thrill,,3
2714,throat,,2
2715,through,,2
2716,throw,,2
2717,thumb,,3
2718,thus,,2
2719,tick,,3
2720,ticket,,1
2721,tide,(tidy),2
2722,tie,,2
2723,tiger,,1
2724,tight,,2
2725,till,,2
2726,timber,,3
2727,time,,1
2728,tin,,2
2729,tiny,,2
2730,tip,,2
2731,tire,(tired),1
2732,tissue,,3
2733,title,(entitle),2
2734,to,,1
2735,toast,,2
2736,today,,1
2737,toe,,2
2738,together,,1
2739,toilet,,2
2740,tomato,,1
2741,tomorrow,,1
2742,tone,,2
2743,tongue,,2
2744,tonight,,1
2745,too,,1
2746,tool,,2
2747,tooth,,1
2748,top,,1
2749,topic,,2
2750,torture,,3
2751,toss,,3
2752,total,,2
2753,touch,,1
2754,tough,,2
2755,tour,,2
2756,toward,/ towards,2
2757,towel,,2
2758,tower,,2
2759,town,,1
2760,toxic,,3
2761,toy,,1
2762,trace,,2
2763,track,,1
2764,trade,,2
2765,tradition,,2
2766,traffic,,2
2767,tragic,,3
2768,trail,,3
2769,train,,1
2770,transact,,3
2771,transfer,,2
2772,transform,,3
2773,transition,,3
2774,translate,,3
2775,transmit,,3
2776,transport,(transportation),2
2777,trap,,2
2778,travel,,1
2779,tray,,2
2780,treasure,,3
2781,treat,,2
2782,treaty,,3
2783,tree,,1
2784,tremendous,,3
2785,trend,,3
2786,triangle,,2
2787,tribe,,3
2788,trick,,2
2789,trigger,,3
2790,trim,,3
2791,trip,,1
2792,triumph,,3
2793,troop,,3
2794,trouble,,2
2795,truck,,1
2796,TRUE,,1
2797,trunk,,2
2798,trust,,2
2799,truth,,2
2800,try,(trial),1
2801,tube,,3
2802,tune,,2
2803,tunnel,,3
2804,turn,,1
2805,turnover,,3
2806,twelve,,1
2807,twenty,,1
2808,twenty-first,,1
2809,twenty-second,,1
2810,twenty-third,,1
2811,twice,,1
2812,twin,,2
2813,twist,,2
2814,two,,1
2815,type,,1
2816,ugly,,1
2817,ultimate,,3
2818,umbrella,,1
2819,uncle,,1
2820,under,,1
2821,undergo,,3
2822,underlie,,3
2823,undermine,,3
2824,understand,,1
2825,undertake,,3
2826,uniform,,2
2827,unify,,3
2828,unique,,3
2829,unit,,2
2830,unite,(union),2
2831,universe,,3
2832,university,,2
2833,unless,,2
2834,until,,2
2835,up,,1
2836,update,,3
2837,upon,,2
2838,upper,,2
2839,upset,,2
2840,upward,/ upwards,3
2841,urban,,3
2842,urge,(urgent),3
2843,use,(usual),1
2844,utilize,/ utilise,3
2845,utter,,3
2846,vacate,(vacation),3
2847,vaccine,,3
2848,vacuum,,3
2849,vague,,3
2850,valid,,3
2851,valley,,2
2852,value,,2
2853,van,,2
2854,vanish,,3
2855,various,,2
2856,vary,,2
2857,vast,,3
2858,vegetable,,1
2859,vehicle,,2
2860,venture,,3
2861,verb,(verbal),3
2862,verse,,3
2863,version,,2
2864,versus,,3
2865,vertical,,3
2866,very,,1
2867,vessel,,3
2868,veterinarian,,3
2869,via,,3
2870,vice,,3
2871,victim,,2
2872,victory,,3
2873,video,,1
2874,view,"(interview, review)",2
2875,vigor,(vigorous),3
2876,villa,,2
2877,village,,2
2878,violent,,2
2879,violin,,1
2880,virgin,,3
2881,virtue,(virtual),3
2882,virus,,3
2883,visible,,3
2884,vision,,2
2885,visit,,1
2886,visual,,3
2887,vital,,3
2888,vivid,,3
2889,vocabulary,,3
2890,vocation,,3
2891,voice,,1
2892,volume,,2
2893,volunteer,,2
2894,vote,,2
2895,wage,,2
2896,wait,,1
2897,wake,,1
2898,walk,,1
2899,wall,,1
2900,wander,,3
2901,want,,1
2902,war,,1
2903,warehouse,,3
2904,warm,,1
2905,warn,,2
2906,warrant,,3
2907,wash,,1
2908,waste,,2
2909,watch,,1
2910,water,,1
2911,watermelon,,1
2912,wave,,2
2913,way,,1
2914,we,,1
2915,weak,,2
2916,wealth,,3
2917,weapon,,2
2918,wear,,1
2919,weather,,1
2920,weave,,3
2921,website,,1
2922,wedding,,1
2923,weed,,3
2924,week,,1
2925,weekend,,1
2926,weigh,,2
2927,weight,,1
2928,weird,,3
2929,welcome,,1
2930,welfare,,3
2931,well,,1
2932,west,,1
2933,wet,,1
2934,whale,,2
2935,what,,1
2936,wheat,,3
2937,wheel,,2
2938,when,,1
2939,where,,1
2940,whereas,,3
2941,whether,,2
2942,which,,2
2943,while,,2
2944,whip,,3
2945,whisper,,2
2946,whistle,,2
2947,white,,1
2948,who,,1
2949,whole,,2
2950,why,,1
2951,wicked,,3
2952,wide,,2
2953,wife,,1
2954,wild,,2
2955,will,,1
2956,win,,1
2957,wind,,1
2958,window,,1
2959,wine,,1
2960,wing,,2
2961,winter,,1
2962,wipe,,2
2963,wire,,2
2964,wise,,2
2965,wish,,1
2966,wit,,3
2967,with,,1
2968,withdraw,,3
2969,within,,2
2970,without,,2
2971,witness,,3
2972,woman,,1
2973,wonder,,2
2974,wood,,1
2975,wool,,2
2976,word,,1
2977,work,,1
2978,world,,1
2979,worry,,1
2980,worship,,3
2981,worth,,2
2982,would,,2
2983,wound,,2
2984,wrap,,2
2985,wreck,,3
2986,write,,1
2987,wrong,,1
2988,year,,1
2989,yell,,2
2990,yellow,,1
2991,yes,/ yeah / yep,1
2992,yesterday,,1
2993,yet,,2
2994,yield,,3
2995,you,,1
2996,young,,1
2997,zebra,,2
2998,zero,,2
2999,zone,,3
3000,zoo,,1
